,train_loss,train_acc,val_loss,val_acc,lr
0,1.6610543607461332,0.5391306776167344,4.101145426432292,0.6564594992349712,9.999999747378752e-05
